{
  "accuracy": 0.8745,
  "balanced_accuracy": 0.8745,
  "f1": 0.8775729197151497,
  "f1_macro": 0.8744208839010665,
  "log_loss": 0.5943544579227462,
  "mcc": 0.7499455424593859,
  "pr_auc": 0.9473889711983824,
  "precision": 0.856598743096553,
  "precision_macro": 0.8754461392888535,
  "recall": 0.8996,
  "recall_macro": 0.8745,
  "roc_auc": 0.9493642800000001
}
