{
  "accuracy": 0.9168,
  "balanced_accuracy": 0.9168000000000001,
  "f1": 0.9171644763042612,
  "f1_macro": 0.9167983892168152,
  "log_loss": null,
  "mcc": 0.8336322788667687,
  "pr_auc": 0.9717241216152049,
  "precision": 0.9131641554321966,
  "precision_macro": 0.9168322794917239,
  "recall": 0.9212,
  "recall_macro": 0.9168000000000001,
  "roc_auc": 0.9728078799999998
}
