{
  "accuracy": 0.9054,
  "balanced_accuracy": 0.9054,
  "f1": 0.9053621448579432,
  "f1_macro": 0.9053999848639975,
  "log_loss": null,
  "mcc": 0.8108002594561246,
  "pr_auc": 0.9636695124752862,
  "precision": 0.905724579663731,
  "precision_macro": 0.9054002594561661,
  "recall": 0.905,
  "recall_macro": 0.9054,
  "roc_auc": 0.96556216
}
