{
  "accuracy": 0.8819,
  "balanced_accuracy": 0.8818999999999999,
  "f1": 0.8828953891918692,
  "f1_macro": 0.8818914666584661,
  "log_loss": 0.3043728366511346,
  "mcc": 0.7639103930282652,
  "pr_auc": 0.9487109591655865,
  "precision": 0.8755162241887906,
  "precision_macro": 0.8820104010058907,
  "recall": 0.8904,
  "recall_macro": 0.8818999999999999,
  "roc_auc": 0.9511206799999999
}
