{
  "accuracy": 0.8743,
  "balanced_accuracy": 0.8743000000000001,
  "f1": 0.876486194359831,
  "f1_macro": 0.8742606071056,
  "log_loss": 0.5558143526381473,
  "mcc": 0.7490694991022316,
  "pr_auc": 0.9439716437118233,
  "precision": 0.861502800849913,
  "precision_macro": 0.8747696463299949,
  "recall": 0.892,
  "recall_macro": 0.8743000000000001,
  "roc_auc": 0.9463140000000001
}
