{
  "accuracy": 0.8922,
  "balanced_accuracy": 0.8922,
  "f1": 0.8927149681528662,
  "f1_macro": 0.8921975162307739,
  "log_loss": 0.2607043118035639,
  "mcc": 0.7844361476505448,
  "pr_auc": 0.9597367084117479,
  "precision": 0.8884706814580031,
  "precision_macro": 0.8922361484834442,
  "recall": 0.897,
  "recall_macro": 0.8922,
  "roc_auc": 0.9607756799999999
}
