{
  "accuracy": 0.9029,
  "balanced_accuracy": 0.9029,
  "f1": 0.9034695297743315,
  "f1_macro": 0.9028966198313364,
  "log_loss": 0.2715958556548585,
  "mcc": 0.8058561056551815,
  "pr_auc": 0.9650546115843235,
  "precision": 0.898201225538644,
  "precision_macro": 0.9029561076084234,
  "recall": 0.9088,
  "recall_macro": 0.9029,
  "roc_auc": 0.96549288
}
