{
  "accuracy": 0.8412,
  "balanced_accuracy": 0.8412,
  "f1": 0.8475422427035331,
  "f1_macro": 0.8409247106672924,
  "log_loss": 0.384174790653519,
  "mcc": 0.6847742015176004,
  "pr_auc": 0.9263176615134034,
  "precision": 0.8149926144756278,
  "precision_macro": 0.8435783316706237,
  "recall": 0.8828,
  "recall_macro": 0.8412,
  "roc_auc": 0.92738324
}
