{
  "accuracy": 0.8975,
  "balanced_accuracy": 0.8975,
  "f1": 0.8987454311962857,
  "f1_macro": 0.8974844904285569,
  "log_loss": 0.37444836870612963,
  "mcc": 0.7952406603340159,
  "pr_auc": 0.9626218718276319,
  "precision": 0.8879562756197541,
  "precision_macro": 0.8977406967600514,
  "recall": 0.9098,
  "recall_macro": 0.8975,
  "roc_auc": 0.9631897999999999
}
